Latitude,Longitude,As,Aridity Index,Slope,Evapotranspiration,Nitrogen,OCD,Precipitation,Silt,TAS
24.05416667,67.57916667,0,854,3,2245,106,177,1519,373,3004
24.12916667,67.45416667,1,816,2,2162,,,1245,386,3002
24.2625,68.2625,0,1145,4,2352,81,157,2358,365,3010
24.35416667,67.62083333,1,860,5,2282,131,153,1221,345,3005
24.35416667,68.2625,1,1117,8,2342,90,169,2243,400,3009
24.35416667,68.27083333,1,1124,8,2327,84,167,2272,400,3009
24.3625,70.75416667,0,1462,66,2455,145,154,16030,252,3020
24.54583333,67.62916667,1,916,7,2273,143,160,1091,387,3005
24.60416667,68.07916667,0,949,13,2297,87,158,1472,449,3005
24.65416667,68.5375,0,948,10,2326,100,176,4091,385,3009
24.65416667,68.8375,1,944,14,2346,75,154,7549,395,3008
24.65416667,68.84583333,1,944,12,2345,76,156,7626,394,3008
24.6625,68.8375,0,938,12,2347,74,155,7530,378,3008
24.6625,68.85416667,1,937,9,2348,81,164,7695,390,3008
24.69583333,70.17083333,0,997,56,2527,93,132,13017,297,3019
24.72083333,68.25416667,1,852,11,2298,76,176,1819,522,3005
24.72083333,68.2625,1,851,11,2302,72,159,1851,535,3005
24.72916667,68.25416667,1,844,10,2298,77,146,1799,522,3005
24.72916667,68.2625,1,844,13,2299,78,158,1836,535,3005
24.72916667,68.27083333,1,846,11,2302,79,162,1878,535,3005
24.72916667,69.79583333,1,964,35,2493,74,133,11644,298,3017
24.7375,67.5875,1,803,7,2314,,,1006,,3005
24.7375,68.25416667,1,839,12,2301,76,149,1787,513,3005
24.74583333,67.9125,1,927,9,2287,96,127,1199,456,3005
24.74583333,67.92083333,1,928,12,2290,100,134,1195,437,3005
24.74583333,67.92916667,1,923,15,2295,103,133,1199,416,3005
24.75416667,67.92083333,1,919,11,2293,110,138,1191,440,3005
24.7625,68.8125,1,881,12,2347,68,168,6889,432,3006
24.77916667,68.97083333,1,892,12,2355,90,164,8292,386,3006
24.7875,68.97083333,1,889,12,2350,89,167,8265,373,3006
24.8125,66.97916667,0,428,8,2231,,,817,,2998
24.82916667,67.12916667,0,601,10,2290,,,820,,3000
24.8375,67.35416667,1,692,30,2329,89,104,927,265,3002
24.84583333,67.05416667,0,613,19,2272,,,845,,2999
24.84583333,67.19583333,0,653,31,2264,,,853,,3000
24.85416667,67.02083333,0,590,11,2262,,,843,,2999
24.85416667,67.05416667,0,619,18,2274,,,844,,2999
24.8625,67.0125,1,585,13,2257,,,847,,2999
24.87083333,66.99583333,0,562,10,2257,,,856,,2999
24.87916667,67.14583333,0,659,19,2286,,,851,,3000
24.87916667,68.8125,1,827,13,2370,71,172,6246,390,3005
24.87916667,68.82083333,1,832,15,2367,65,166,6339,379,3005
24.8875,68.82083333,0,831,14,2368,66,166,6301,379,3005
24.89583333,67.19583333,0,683,31,2297,,,872,,3000
24.90416667,67.05416667,0,661,25,2278,,,890,,3000
24.90416667,67.2375,1,722,37,2278,97,142,894,271,3000
24.9125,67.2375,1,738,37,2287,98,143,899,258,3000
24.92083333,66.9625,0,644,42,2318,,,925,,2998
24.92916667,67.02916667,0,686,37,2279,,,920,,3000
24.92916667,67.0625,0,700,33,2288,,,904,,3000
24.9375,67.02083333,0,731,54,2276,,,943,,2999
24.9375,68.2625,0,741,15,2346,83,147,1429,477,3006
24.94583333,67.15416667,0,757,43,2294,119,112,894,,3000
24.95416667,66.9625,1,708,57,2300,,,938,,2998
24.97083333,68.67916667,0,782,15,2339,64,179,4197,441,3004
24.97083333,69.29583333,1,878,12,2467,64,156,8308,298,3006
24.99583333,67.0625,0,779,58,2279,,,932,,3000
25.02916667,66.87916667,1,685,28,2305,75,110,960,301,2998
25.04583333,61.74583333,0,479,9,2143,,,440,252,3005
25.04583333,68.65416667,1,742,18,2366,72,170,3638,327,3003
25.04583333,68.6625,1,744,18,2363,66,165,3714,310,3003
25.1125,68.52083333,1,671,17,2383,69,159,2307,426,3003
25.1125,70.24583333,0,1042,87,2533,48,115,11082,251,3017
25.12083333,66.72916667,0,121,2,0,,,1037,,2996
25.12083333,68.52916667,1,670,20,2389,85,157,2348,426,3003
25.12083333,68.5375,1,671,21,2393,86,141,2410,498,3003
25.12916667,67.22083333,1,1037,143,2286,86,128,1101,273,2997
25.12916667,68.52916667,1,670,19,2386,88,155,2331,460,3003
25.12916667,68.5375,1,671,18,2384,93,156,2386,452,3003
25.15416667,69.1125,1,835,15,2455,62,148,7448,336,3003
25.17916667,69.5625,1,907,12,2461,78,162,8690,342,3007
25.2125,64.62916667,0,522,8,2213,,,825,,2994
25.2625,63.4625,0,448,12,2305,67,86,555,265,2995
25.27916667,69.39583333,0,895,15,2442,71,158,7853,334,3003
25.2875,69.24583333,0,887,16,2442,64,163,7483,292,3002
25.3625,64.59583333,1,549,8,2367,77,92,786,251,3000
25.3625,67.8375,0,950,136,2319,101,112,825,295,3006
25.3625,68.30416667,0,675,22,2411,74,133,1062,505,3008
25.3625,69.72916667,0,891,10,2485,62,149,8646,342,3010
25.37916667,68.3625,1,642,25,2463,,,1193,,3007
25.37916667,68.37083333,1,644,26,2462,,,1222,,3006
25.37916667,68.37916667,1,639,25,2471,,,1249,548,3006
25.39583333,68.3375,0,653,25,2418,63,101,1113,428,3008
25.4125,68.27083333,0,701,49,2385,64,118,1052,305,3008
25.4125,69.37083333,1,881,12,2451,63,172,7517,214,3002
25.45416667,68.7125,1,668,24,2456,,,3063,,3001
25.45416667,68.72083333,1,671,23,2457,109,150,3132,464,3001
25.4625,68.7125,0,670,22,2456,,,3042,,3001
25.4625,68.72083333,1,672,24,2453,117,150,3120,464,3001
25.47083333,68.72916667,1,678,24,2432,96,154,3169,415,3001
25.5125,69.37916667,0,857,12,2490,71,155,7449,286,3003
25.52083333,68.62083333,1,666,25,2401,83,144,2283,445,3003
25.52083333,69.0125,0,793,17,2480,67,150,5706,328,3001
25.5625,68.4375,1,642,26,2400,72,128,1437,367,3006
25.5875,68.4375,1,637,26,2401,75,132,1444,368,3006
25.59583333,68.4375,1,634,25,2408,77,136,1443,359,3007
25.59583333,68.44583333,0,634,31,2410,74,136,1471,403,3006
25.60416667,68.44583333,1,633,26,2413,75,136,1466,378,3007
25.60416667,68.45416667,1,637,25,2400,74,139,1494,389,3006
25.6375,68.59583333,0,643,25,2389,98,156,2079,414,3004
25.6875,66.4875,0,557,13,2484,53,97,1315,341,3005
25.6875,69.07916667,0,776,19,2482,60,135,5419,314,3001
25.77916667,68.85416667,1,697,22,2421,78,130,3882,363,3002
25.79583333,66.6125,0,761,37,2364,117,136,1914,293,3005
25.79583333,68.8625,1,692,22,2436,83,137,3980,351,3002
25.8125,68.42083333,0,600,31,2429,74,140,1384,359,3008
25.82083333,69.37916667,1,788,16,2471,49,121,7795,283,3010
25.8625,66.45416667,0,712,31,2432,56,92,1645,317,3008
25.87083333,68.34583333,1,597,28,2408,64,123,1166,320,3011
25.8875,67.29583333,0,976,240,2345,70,115,1336,320,3001
25.89583333,68.52083333,0,610,26,2392,84,152,1717,464,3005
25.89583333,68.52916667,1,610,27,2398,93,150,1764,464,3005
25.9125,68.22916667,0,574,29,2471,62,105,971,303,3015
25.92083333,68.62083333,1,620,29,2416,,,2380,,3003
25.9625,68.37083333,0,585,28,2419,90,144,1109,304,3010
26.00416667,63.05416667,0,516,144,2560,65,86,968,,3021
26.00416667,63.0625,0,519,149,2558,79,86,969,293,3021
26.00416667,63.87916667,0,1107,509,2348,56,116,955,235,3001
26.02916667,68.80416667,1,633,23,2432,54,107,4084,326,3001
26.0375,63.07916667,0,506,155,2565,57,87,1085,272,3021
26.04583333,68.9375,0,647,22,2448,62,132,5320,250,3001
26.07083333,62.7125,0,483,92,2586,60,86,2250,247,3027
26.1125,62.0375,0,574,219,2593,64,113,2057,271,3025
26.12916667,68.2625,1,569,26,2401,87,139,752,330,3011
26.1375,68.27083333,1,566,33,2399,85,144,757,334,3010
26.14583333,68.27083333,1,565,32,2405,92,147,751,326,3010
26.17083333,63.50416667,0,683,455,2475,74,100,1333,234,3005
26.22916667,66.3125,0,836,90,2400,109,118,2739,263,3017
26.2375,68.40416667,0,542,33,2453,,,964,,3005
26.29583333,67.59583333,1,663,88,2423,49,96,1194,246,3021
26.3125,65.6625,0,866,399,2428,51,87,2247,312,3016
26.32083333,68.32083333,0,536,35,2463,88,127,790,270,3006
26.39583333,65.2125,0,800,500,2418,51,96,1684,242,3009
26.4125,67.8625,1,573,39,2477,71,110,756,260,3017
26.42083333,67.85416667,1,576,35,2482,68,99,767,269,3017
26.42083333,67.8625,1,578,43,2471,67,112,761,261,3016
26.42916667,67.8625,1,576,45,2477,64,96,759,298,3016
26.44583333,67.8125,1,576,36,2513,80,113,813,262,3018
26.45416667,65.22916667,0,760,527,2409,48,97,1942,298,3009
26.45416667,67.85416667,1,568,36,2515,84,118,769,279,3016
26.47083333,67.84583333,1,567,36,2526,82,120,781,272,3016
26.50416667,67.97083333,1,565,39,2491,84,125,731,308,3012
26.5875,67.72916667,1,585,40,2483,120,147,959,305,3019
26.6125,67.6125,1,572,38,2530,75,127,1074,279,3023
26.6375,67.75416667,1,575,41,2483,118,126,992,329,3018
26.65416667,63.22083333,0,439,911,2568,52,93,3241,221,2985
26.6625,67.99583333,1,543,46,2447,121,122,848,332,3013
26.6625,68.00416667,1,548,43,2425,,,846,,3012
26.67083333,68.12916667,0,516,41,2421,110,119,816,331,3010
26.6875,67.6125,1,569,42,2510,73,124,1107,287,3023
26.6875,68.29583333,1,498,41,2403,104,141,836,324,3007
26.69583333,67.6125,1,568,43,2512,79,126,1113,290,3023
26.69583333,67.62083333,1,570,42,2508,77,126,1108,290,3023
26.7125,67.77083333,1,562,41,2486,118,144,1075,340,3017
26.72083333,67.77083333,1,561,43,2475,,,1088,,3017
26.72083333,67.77916667,1,560,44,2481,,,1082,,3017
26.72916667,67.77083333,1,561,43,2476,,,1093,,3017
26.72916667,67.77916667,1,559,45,2482,,,1092,,3016
26.72916667,67.7875,1,558,44,2489,,,1087,,3016
26.7375,67.50416667,1,577,51,2493,56,103,1347,271,3027
26.7375,67.7875,1,556,44,2496,,,1094,,3016
26.74583333,67.77916667,1,549,42,2497,75,106,1110,284,3017
26.77083333,67.72083333,1,549,40,2505,118,134,1141,318,3018
26.7875,67.69583333,1,543,40,2503,77,121,1150,292,3019
26.80416667,67.72916667,1,542,40,2504,123,128,1176,332,3017
26.82083333,67.74583333,1,537,40,2509,99,123,1186,321,3017
26.82916667,67.7875,1,541,42,2472,96,137,1186,262,3016
26.82916667,68.47916667,0,462,57,2480,83,121,977,208,3009
26.8375,67.75416667,1,535,41,2501,95,130,1197,302,3016
26.8375,67.80416667,1,539,44,2465,98,136,1186,308,3015
26.9125,68.1875,0,470,45,2420,128,145,868,307,3009
26.9125,68.19583333,1,471,47,2417,132,145,865,307,3008
26.9625,64.10416667,0,479,981,2415,57,94,1334,219,2976
26.9625,67.6875,1,514,42,2495,112,118,1259,330,3018
26.97916667,66.12083333,0,1079,960,2331,65,120,10292,276,2981
27.0375,67.84583333,1,505,44,2417,193,149,1330,315,3014
27.05416667,68.2125,1,444,50,2428,133,135,929,326,3008
27.0625,68.20416667,1,439,49,2454,133,139,935,330,3008
27.0625,68.2125,1,441,50,2446,133,132,930,328,3008
27.07083333,68.60416667,0,443,48,2443,98,141,1477,240,3009
27.0875,67.72916667,1,504,42,2444,,,1385,,3016
27.0875,67.92083333,1,483,46,2439,201,161,1301,316,3013
27.0875,68.9625,1,461,49,2450,81,129,3330,203,3018
27.09583333,67.7375,0,498,43,2448,154,138,1394,363,3016
27.17916667,67.8125,0,478,46,2423,171,149,1417,336,3013
27.17916667,67.82083333,1,478,47,2422,,,1417,,3013
27.17916667,67.95416667,1,462,47,2420,109,153,1307,317,3013
27.1875,67.8125,1,477,44,2427,171,149,1419,336,3013
27.1875,67.82083333,1,478,44,2425,165,155,1419,325,3013
27.2625,68.8375,1,466,109,2465,50,81,2797,205,3007
27.30416667,68.39583333,1,417,53,2425,137,141,1311,301,3005
27.30416667,68.40416667,1,419,55,2427,130,136,1330,308,3005
27.3125,68.3875,1,417,53,2417,128,139,1302,274,3005
27.3125,68.39583333,1,417,52,2422,127,136,1321,297,3005
27.3375,66.37083333,0,1138,1243,2273,86,154,11413,314,2961
27.3375,68.54583333,1,415,54,2407,164,119,1833,273,3003
27.34583333,68.52083333,1,416,53,2400,157,142,1760,,3004
27.34583333,68.52916667,1,420,53,2397,,,1781,,3004
27.34583333,68.5375,1,417,52,2398,181,118,1817,255,3003
27.35416667,68.52083333,0,414,53,2396,126,144,1773,249,3004
27.35416667,68.52916667,1,418,51,2398,134,143,1799,249,3004
27.35416667,68.5375,1,416,52,2399,149,152,1829,256,3004
27.3625,68.52083333,1,413,52,2395,124,144,1790,254,3004
27.3625,68.52916667,1,414,51,2397,133,143,1813,254,3004
27.37083333,68.09583333,1,431,52,2412,118,150,1201,295,3012
27.37916667,67.9125,1,451,46,2413,172,156,1312,345,3013
27.40416667,65.1375,0,622,1388,2343,56,96,2464,214,2952
27.44583333,67.79583333,1,436,46,2475,154,118,1360,328,3013
27.44583333,68.1875,0,407,52,2408,114,149,1241,294,3010
27.4875,69.1125,1,392,62,2496,61,109,3608,207,3013
27.52083333,69.04583333,1,404,61,2439,173,155,3178,267,3012
27.52916667,68.74583333,1,410,58,2387,103,136,2955,247,3004
27.52916667,68.75416667,1,406,59,2411,,,2977,,3004
27.55416667,68.20416667,1,399,53,2448,,,1341,,3010
27.5625,68.55416667,1,398,58,2409,104,137,2227,319,3004
27.5875,68.6125,1,400,59,2386,117,139,2523,321,3004
27.5875,68.62083333,1,402,57,2384,117,139,2554,322,3004
27.59583333,68.50416667,1,397,57,2389,101,143,2055,277,3005
27.59583333,68.5625,1,397,58,2390,141,147,2298,328,3005
27.59583333,68.60416667,1,397,59,2389,126,148,2496,329,3004
27.59583333,68.62083333,1,402,61,2385,122,141,2575,326,3004
27.6125,68.6125,1,392,59,2395,138,147,2545,324,3004
27.62916667,68.59583333,1,395,59,2392,126,145,2482,259,3004
27.6625,68.87083333,1,377,59,2409,155,133,3165,297,3006
27.67083333,68.6875,1,386,60,2377,94,139,2907,286,3005
27.67916667,66.1875,0,895,1179,2345,65,111,6642,262,2965
27.67916667,68.90416667,1,380,66,2414,102,127,3207,290,3006
27.67916667,68.9125,1,379,64,2423,109,127,3216,278,3006
27.6875,68.84583333,0,380,62,2414,115,115,3186,289,3006
27.6875,68.89583333,1,381,72,2407,,,3210,,3006
27.70416667,68.84583333,1,371,65,2418,,,3207,,3006
27.70416667,68.85416667,1,374,69,2407,,,3205,,3006
27.7125,64.87083333,0,393,739,2589,46,92,1386,188,2994
27.7125,68.8375,1,375,63,2393,88,90,3215,279,3006
27.72916667,64.79583333,1,377,695,2597,48,105,1253,,2997
27.7625,67.07083333,0,974,979,2359,103,123,13637,323,2975
27.7625,68.09583333,0,396,50,2392,,,1425,347,3009
27.79583333,66.6125,0,1046,1221,2283,,,10419,,2962
27.79583333,68.29583333,1,380,54,2418,,,1662,,3008
27.8375,69.07916667,0,376,65,2387,122,142,3282,326,3005
27.84583333,67.89583333,0,402,48,2460,157,145,1480,355,3012
27.84583333,69.4125,0,403,68,2371,107,136,3989,268,3005
27.85416667,69.1125,1,376,69,2386,130,152,3298,363,3005
27.8625,68.70416667,1,382,67,2381,155,141,2847,,3007
27.90416667,68.50416667,1,366,56,2370,150,146,2045,322,3007
27.9625,68.64583333,1,369,67,2380,158,157,2499,308,3008
27.97083333,67.64583333,0,427,50,2430,,,2071,,3023
27.99583333,69.30416667,1,382,69,2376,166,138,3313,334,3004
27.99583333,69.3125,1,382,71,2379,177,138,3332,,3004
28.00416667,67.84583333,0,394,49,2484,89,104,1791,320,3014
28.00416667,68.72083333,1,366,66,2376,156,152,2640,321,3008
28.00416667,69.30416667,1,382,69,2375,151,138,3302,329,3004
28.00416667,69.3125,1,382,72,2377,164,138,3317,,3004
28.00416667,69.32083333,1,382,70,2377,,,3338,,3004
28.0125,69.3125,1,384,72,2368,123,141,3307,301,3004
28.02083333,65.55416667,1,605,1277,2438,70,110,2872,194,2961
28.02916667,67.97916667,1,383,49,2416,172,157,1899,365,3012
28.05416667,67.97083333,0,381,50,2417,149,121,1930,380,3013
28.05416667,69.37083333,1,391,72,2348,153,145,3371,296,3003
28.0625,67.94583333,1,383,50,2424,135,113,1938,329,3013
28.0625,67.97916667,1,381,50,2411,153,145,1966,383,3012
28.0625,68.97916667,1,369,67,2351,166,135,2809,230,3007
28.07083333,67.09583333,1,874,1202,2371,103,111,15964,287,2977
28.07083333,67.9875,1,382,49,2408,146,129,1979,387,3012
28.10416667,68.02916667,0,375,50,2419,153,135,2081,345,3012
28.15416667,69.72916667,1,434,73,2322,100,129,5164,294,3001
28.1625,69.72083333,1,427,75,2332,109,144,5068,287,3001
28.1625,69.72916667,1,429,78,2331,104,141,5139,287,3000
28.17083333,67.87083333,0,383,53,2427,143,139,2114,345,3014
28.17083333,69.7375,1,433,74,2329,99,140,5170,274,3001
28.1875,68.72083333,0,365,62,2346,152,157,2342,302,3008
28.22083333,69.10416667,0,382,66,2328,145,146,2869,302,3006
28.2375,68.77083333,1,365,63,2374,180,145,2444,332,3008
28.2375,69.1875,0,390,70,2333,,,3001,,3005
28.27916667,68.45416667,1,355,57,2401,118,99,1935,335,3007
28.2875,67.44583333,1,429,66,2538,50,97,4482,291,3029
28.2875,68.09583333,1,353,56,2407,128,130,2356,347,3012
28.29583333,70.12083333,1,468,80,2368,126,132,7619,,2999
28.30416667,70.1375,0,476,80,2352,,,7680,,2999
28.3625,67.5625,0,412,68,2524,52,87,2822,290,3026
28.37916667,67.42083333,0,435,84,2525,83,126,5237,295,3028
28.39583333,70.2875,0,563,81,2316,90,138,7607,,3000
28.42083333,70.92916667,1,837,101,2400,44,94,10760,296,3011
28.42916667,69.57916667,0,440,77,2311,120,135,4063,256,3008
28.42916667,69.69583333,1,447,83,2302,,,4351,330,3007
28.4625,65.65416667,0,488,850,2558,48,97,2084,193,2985
28.4875,66.2625,0,825,1760,2167,89,149,9458,287,2920
28.52083333,67.90416667,0,368,68,2468,69,123,2986,321,3021
28.52083333,68.5375,0,369,56,2327,,,2861,,3008
28.52916667,67.72916667,1,385,67,2495,45,85,2647,287,3027
28.5625,66.90416667,0,939,1695,2143,90,123,17745,311,2924
28.57916667,65.4125,0,429,717,2605,52,102,1864,228,2995
28.6375,69.1875,0,486,230,2400,45,83,5761,230,3008
28.64583333,70.65416667,1,998,94,2252,,,7105,,3000
28.6875,69.94583333,1,562,82,2322,48,88,4987,275,3012
28.70416667,70.52916667,0,964,88,2227,99,149,6278,368,2999
28.77916667,68.37916667,0,370,95,2423,42,83,5614,243,3020
28.82083333,62.72916667,0,140,679,3066,48,110,683,214,2997
28.87083333,70.57083333,0,1045,91,2209,85,162,5855,334,2999
28.87916667,64.4125,0,346,849,2651,63,109,1810,123,2991
28.8875,67.44583333,0,445,97,2474,58,79,13656,285,3028
28.92916667,70.94583333,0,928,98,2229,,,6491,,3000
28.95416667,70.5125,0,1020,89,2300,51,132,5717,,2999
28.97083333,61.55416667,0,212,796,3009,60,126,1537,186,2982
29.02916667,66.5875,1,871,2009,2031,85,131,11969,304,2901
29.02916667,69.14583333,0,728,462,2250,67,106,11430,295,2996
29.0375,67.82083333,0,432,99,2450,49,107,5829,382,3025
29.10416667,70.32083333,1,1049,93,2229,,,5889,,3000
29.12916667,71.74583333,0,655,121,2209,102,165,10908,257,3002
29.12916667,71.75416667,1,657,121,2205,103,166,10960,263,3002
29.1375,71.27916667,1,698,106,2216,94,149,7260,352,2996
29.14583333,71.2625,0,700,107,2218,89,134,7114,332,2996
29.14583333,71.55416667,1,650,113,2234,102,157,9339,268,3000
29.19583333,72.85416667,0,864,147,2256,111,187,19784,256,3002
29.22083333,70.52083333,1,1138,97,2204,128,173,6889,362,2999
29.25416667,68.89583333,0,941,755,2171,70,101,24019,308,2976
29.25416667,70.24583333,1,1089,105,2235,85,140,7168,325,3003
29.25416667,70.29583333,1,1123,103,2209,97,145,7030,330,3002
29.27083333,70.30416667,1,1125,106,2211,105,150,7164,317,3002
29.32916667,70.35416667,1,1150,105,2198,120,155,7445,341,3003
29.3875,70.92083333,1,779,104,2168,92,163,6999,366,2998
29.39583333,71.67916667,1,614,122,2210,,,9878,,2996
29.39583333,71.6875,1,618,118,2200,,,9937,,2996
29.4125,67.1875,0,879,1437,2180,116,136,37203,296,2919
29.45416667,67.3125,0,929,1557,2183,90,100,37315,263,2925
29.47083333,67.65416667,0,587,149,2486,108,160,5674,328,3024
29.4875,71.85416667,1,610,120,2190,110,164,10628,229,2997
29.50416667,71.2125,1,637,106,2195,82,133,7063,298,2996
29.5125,70.85416667,0,834,110,2148,107,180,7628,376,2998
29.5375,71.62916667,0,601,118,2176,,,9818,,2994
29.54583333,67.87083333,0,633,139,2386,82,128,5843,348,3023
29.55416667,66.02083333,0,502,995,2527,71,120,5204,250,2970
29.6125,73.1375,0,950,162,2179,98,184,22173,310,2990
29.62083333,71.9125,0,625,125,2156,,,10810,,2995
29.6375,67.8375,0,662,137,2443,96,143,6446,345,3024
29.6375,70.59583333,1,1020,108,2145,,,7534,,3003
29.65416667,68.6875,0,1140,874,2126,109,113,23952,327,2973
29.69583333,72.55416667,0,777,141,2177,126,183,15590,312,2992
29.79583333,71.7375,0,640,121,2152,97,145,10584,244,2994
29.79583333,72.17083333,1,697,132,2147,,,11935,,2994
29.79583333,72.85416667,0,878,148,2159,144,176,17680,294,2991
29.79583333,72.8625,1,882,149,2160,142,176,17798,294,2991
29.8625,67.04583333,0,887,1782,2216,99,126,21338,345,2915
29.8625,67.32916667,0,994,990,2348,61,118,26802,252,2967
29.87916667,71.2875,1,680,115,2130,101,160,7655,350,2996
29.89583333,69.24583333,0,1315,1166,2026,103,154,26501,311,2946
29.89583333,69.52916667,0,1364,1096,2021,102,161,28224,309,2952
29.9125,66.49583333,0,684,1492,2381,82,125,9539,302,2933
29.94583333,71.17083333,0,729,114,2098,114,162,7201,369,2997
29.99583333,73.25416667,0,974,158,2124,110,186,25453,313,2988
30.0125,72.42916667,1,817,139,2121,185,199,15688,309,2991
30.02083333,71.0875,0,746,119,2155,75,132,6984,324,2995
30.02916667,71.09583333,1,745,118,2159,80,123,6950,319,2995
30.02916667,71.10416667,1,737,118,2182,78,114,6953,319,2995
30.02916667,71.17916667,1,737,118,2103,101,151,6919,370,2997
30.0375,71.04583333,0,764,119,2159,98,137,6909,331,2994
30.0375,71.09583333,1,741,119,2172,87,141,6927,319,2995
30.0375,71.10416667,1,745,119,2157,85,135,6927,319,2995
30.0375,71.1125,0,736,120,2174,81,128,6928,305,2995
30.0375,71.12916667,0,738,119,2157,61,93,6928,291,2996
30.0375,71.82083333,0,713,128,2116,,,10647,,2994
30.04583333,69.92083333,0,1471,1095,2003,123,173,37576,335,2947
30.04583333,70.42916667,1,1021,200,2201,64,105,13508,250,3000
30.04583333,71.10416667,0,750,119,2145,81,124,6905,321,2995
30.04583333,71.1125,0,740,121,2173,76,124,6907,312,2995
30.04583333,71.1375,1,738,120,2155,59,89,6905,293,2996
30.04583333,72.34583333,1,807,140,2118,,,15142,,2991
30.04583333,72.35416667,1,812,140,2116,,,15234,,2991
30.05416667,70.6375,0,948,128,2139,,,7975,,2998
30.05416667,71.10416667,0,757,124,2138,82,137,6882,322,2995
30.05416667,72.37916667,1,817,139,2115,128,186,15547,300,2991
30.0625,71.12083333,1,747,121,2164,62,107,6858,291,2995
30.0625,71.1875,1,735,118,2120,,,6813,,2997
30.07083333,71.1875,1,737,117,2118,88,138,6787,281,2997
30.0875,71.12916667,1,747,119,2167,60,92,6784,292,2995
30.09583333,67.92916667,0,1413,962,2264,118,182,32992,302,2970
30.09583333,71.1375,1,747,119,2168,62,98,6755,294,2995
30.10416667,71.2625,1,727,119,2117,105,155,6726,356,2998
30.10416667,72.6875,1,928,146,2090,185,204,17856,329,2991
30.12083333,71.25416667,1,742,118,2101,105,154,6677,353,2998
30.12083333,71.2625,1,738,118,2103,107,157,6679,360,2998
30.12916667,71.17916667,0,748,124,2145,62,98,6651,298,2996
30.1375,71.1375,0,749,124,2173,91,131,6642,288,2995
30.1375,71.3875,1,723,121,2115,,,6987,,2997
30.14583333,68.5625,0,1273,1088,2088,106,167,14474,331,2955
30.14583333,71.10416667,1,770,122,2137,101,140,6620,350,2994
30.14583333,72.67916667,0,926,147,2117,112,188,18223,287,2991
30.15416667,71.17916667,1,744,124,2175,75,113,6611,308,2996
30.1625,71.1375,0,749,126,2173,90,129,6586,300,2995
30.1625,73.5625,0,1136,165,2077,102,200,30969,,2986
30.17083333,73.35416667,0,1070,159,2090,115,189,29098,305,2987
30.17916667,71.4875,0,715,127,2137,,,7579,,2996
30.17916667,72.69583333,1,951,146,2120,123,193,18710,286,2991
30.1875,71.0125,1,810,125,2104,95,135,6544,367,2991
30.1875,71.4375,1,725,126,2121,,,7195,,2997
30.1875,71.5125,1,719,124,2127,,,7758,,2996
30.19583333,71.4625,1,718,127,2144,,,7376,,2996
30.19583333,71.47083333,1,715,139,2150,,,7421,,2996
30.20416667,71.4625,1,716,125,2150,,,7364,,2996
30.2125,67.02083333,1,990,1696,2211,87,131,20521,320,2920
30.2125,67.02916667,0,994,1714,2201,96,138,21415,324,2919
30.2125,71.14583333,0,751,125,2172,68,97,6527,301,2995
30.2125,71.47083333,1,723,125,2129,,,7437,,2997
30.22083333,71.2375,0,759,125,2133,90,150,6548,285,2997
30.22083333,71.2625,0,757,122,2113,77,123,6584,299,2998
30.27083333,70.2375,0,1307,715,2079,95,151,32426,340,2969
30.27083333,71.1375,0,787,125,2121,93,132,6584,301,2994
30.27083333,71.29583333,1,748,126,2152,64,101,6722,286,2998
30.27083333,72.9375,1,1077,154,2077,173,205,23064,,2990
30.29583333,71.92916667,0,786,136,2110,,,12544,,2991
30.29583333,73.0625,1,1102,159,2066,123,200,25602,337,2989
30.30416667,71.3375,0,755,131,2131,68,117,6952,297,2998
30.30416667,72.3375,1,895,145,2083,216,202,17882,332,2989
30.3125,71.29583333,0,752,128,2165,91,141,6881,306,2998
30.32083333,71.2625,1,772,126,2121,94,152,6834,319,2998
30.34583333,71.1375,0,806,130,2099,110,146,6850,326,2994
30.34583333,71.2625,1,772,127,2126,100,144,6951,308,2998
30.34583333,73.3875,1,1180,165,2049,113,190,30792,377,2987
30.3625,68.59583333,0,1204,1432,1982,79,112,12010,372,2931
30.3625,69.8625,0,1565,1331,1953,114,161,34571,320,2932
30.3625,71.14583333,0,803,129,2113,103,146,6933,327,2994
30.3875,67.72916667,0,1465,2459,1832,212,197,41651,371,2870
30.3875,71.32083333,0,762,130,2150,59,96,7427,315,2998
30.40416667,71.8625,1,806,136,2075,,,13232,,2992
30.40416667,71.87083333,0,808,135,2077,128,159,13329,376,2992
30.42083333,73.42083333,1,1247,165,2026,105,191,31968,346,2987
30.42916667,72.37083333,1,958,152,2054,161,175,20063,360,2988
30.4375,72.34583333,1,955,151,2056,135,168,19917,371,2989
30.44583333,69.8125,0,1479,1225,1995,104,150,25649,305,2942
30.44583333,71.4625,1,760,133,2142,66,98,8880,310,2999
30.4625,69.37083333,1,1372,1377,1974,94,131,14142,310,2936
30.4625,70.97083333,0,870,133,2082,,,7330,,2990
30.4625,73.2625,1,1243,161,2032,119,205,30275,385,2988
30.47083333,70.97083333,1,872,133,2084,104,156,7377,371,2990
30.52916667,72.70416667,0,1244,163,2037,,,25064,,2987
30.52916667,73.05416667,1,1299,160,2046,114,180,28539,345,2990
30.5625,72.55416667,1,1161,154,2033,135,192,24045,372,2987
30.57083333,70.5625,1,999,201,2143,62,101,10743,287,3002
30.57916667,66.99583333,0,1018,1538,2319,140,213,12077,340,2926
30.57916667,70.5625,1,998,197,2145,62,96,10825,285,3002
30.59583333,66.62083333,0,897,1472,2339,191,235,13242,339,2931
30.62083333,67.3375,0,1198,1962,2127,164,244,15834,369,2900
30.6625,73.10416667,1,1454,174,2013,,,29494,311,2987
30.6625,73.64583333,0,1502,172,1970,116,177,37349,,2985
30.6875,71.77083333,1,847,134,2040,116,158,15493,332,2998
30.69583333,70.94583333,1,911,141,2061,100,148,9130,380,2992
30.70416667,66.69583333,0,964,1512,2296,165,221,13242,337,2928
30.70416667,70.64583333,0,984,174,2092,88,131,9670,314,3006
30.72083333,72.64583333,0,1372,158,2016,,,26476,,2986
30.7375,66.8375,0,983,1500,2339,125,167,14711,344,2928
30.77916667,70.9375,1,925,144,2076,92,134,10050,386,2993
30.7875,70.8625,1,955,142,2052,95,138,9467,409,2999
30.80416667,73.44583333,1,1596,185,1954,,,36275,,2985
30.82083333,67.7375,0,1248,1794,2129,143,191,11762,381,2909
30.82916667,73.4125,1,1598,181,1975,136,206,35713,344,2985
30.85416667,69.82083333,0,1581,1349,1947,132,144,23264,307,2931
30.87083333,70.17916667,0,1467,926,1967,100,138,33996,282,2951
30.87916667,73.59583333,1,1663,189,1941,103,180,40111,333,2985
30.9125,67.2875,0,1365,2419,1964,195,188,25884,401,2871
30.92083333,66.45416667,0,894,1340,2383,104,157,15529,307,2944
30.92916667,71.37916667,0,865,147,2090,103,152,14301,388,2997
30.94583333,69.12916667,0,1236,1449,1997,95,117,12858,330,2932
30.95416667,70.9375,1,951,148,2079,103,135,12573,403,2992
30.9625,70.94583333,1,945,149,2090,97,132,12820,413,2992
30.9625,73.97916667,1,1836,200,1928,97,152,48132,332,2982
30.97083333,72.47083333,1,1295,161,2016,105,143,25916,400,2984
31.00416667,72.4625,1,1309,158,2006,110,144,25788,400,2984
31.00416667,72.5125,1,1372,161,2002,114,151,26326,409,2984
31.0125,68.3375,0,1443,2313,1847,163,157,17297,382,2878
31.0125,72.47916667,1,1335,159,2006,112,146,25988,456,2984
31.02083333,73.84583333,1,1833,191,1909,,,45154,,2983
31.02916667,71.10416667,1,930,150,2063,89,145,15118,414,2990
31.02916667,73.12916667,1,1850,181,1933,104,159,33063,393,2985
31.02916667,73.85416667,1,1845,194,1906,93,151,45497,387,2983
31.0375,72.5625,1,1483,165,1979,106,161,26911,467,2983
31.04583333,71.1125,1,927,152,2068,93,149,15442,406,2991
31.05416667,72.55416667,1,1488,165,1969,106,162,26850,464,2983
31.0625,72.10416667,1,1051,145,1983,108,157,24379,374,2987
31.07083333,72.9375,1,1911,172,1951,104,154,30075,418,2985
31.07916667,70.92916667,0,974,148,2041,105,156,14473,420,2993
31.12083333,74.44583333,1,2355,208,1877,,,62856,,2978
31.12916667,70.57083333,1,1058,191,2078,76,100,14558,344,3003
31.12916667,74.39583333,1,2315,207,1866,101,152,60595,471,2978
31.1375,68.84583333,0,1276,1906,1925,106,117,17621,368,2902
31.14583333,72.6875,0,1689,172,1973,,,28170,,2984
31.15416667,70.55416667,1,1063,192,2078,77,114,15273,387,3003
31.15416667,70.5625,1,1057,192,2082,79,119,15024,382,3003
31.1875,68.99583333,0,1347,1881,1908,121,130,19186,331,2903
31.20416667,72.32083333,0,1273,154,1979,112,149,26171,522,2987
31.22916667,70.95416667,0,996,159,2047,94,152,17604,451,2993
31.24583333,73.0375,0,1889,178,1912,110,151,33996,513,2984
31.25416667,74.17083333,1,2259,202,1855,98,152,53099,539,2979
31.25416667,74.17916667,1,2262,205,1856,95,150,53293,486,2978
31.2625,72.3375,1,1308,158,1992,123,156,26977,537,2987
31.2625,74.12916667,1,2230,204,1854,90,143,52321,496,2979
31.2625,74.1375,1,2237,206,1855,89,150,52508,498,2979
31.2625,74.1625,1,2260,204,1858,91,140,53048,569,2979
31.2625,74.1875,1,2252,204,1865,,,53527,,2979
31.27083333,72.3375,1,1305,157,1992,,,27074,,2987
31.27083333,74.1125,1,2230,205,1852,93,139,51982,479,2979
31.27916667,74.29583333,1,2408,207,1842,92,150,56298,528,2978
31.2875,74.1875,1,2291,203,1862,109,150,53768,564,2978
31.29583333,74.1875,1,2305,205,1861,102,146,53853,623,2978
31.30416667,73.1125,1,1903,179,1896,105,156,36888,501,2983
31.30416667,73.47916667,1,1945,192,1880,113,170,46737,508,2983
31.30416667,74.04583333,1,2223,199,1832,90,146,51438,411,2979
31.30416667,74.05416667,1,2254,204,1828,94,151,51498,389,2979
31.30416667,74.17083333,1,2319,204,1851,100,139,53610,621,2978
31.3125,73.69583333,1,2011,190,1860,107,166,48959,479,2983
31.3125,74.1625,0,2323,207,1846,101,144,53521,636,2978
31.32083333,74.07916667,1,2278,201,1829,94,149,52070,435,2979
31.32083333,74.1875,1,2341,207,1848,120,146,54115,648,2978
31.32916667,72.95416667,1,1877,177,1900,101,144,33069,500,2984
31.32916667,74.09583333,1,2306,198,1825,,,52427,436,2978
31.32916667,74.10416667,1,2323,205,1824,105,155,52557,437,2978
31.3375,73.42083333,1,1987,196,1854,,,46160,,2983
31.3375,74.20416667,1,2380,209,1849,125,157,54710,659,2977
31.34583333,69.44583333,0,1503,1411,1933,79,127,15021,312,2937
31.35416667,73.10416667,0,1904,182,1889,86,147,37389,465,2983
31.35416667,74.12083333,1,2339,204,1834,106,145,53193,518,2978
31.35416667,74.12916667,1,2345,207,1835,110,145,53305,518,2978
31.3625,74.2375,1,2466,210,1833,121,153,55794,638,2977
31.37083333,74.22916667,1,2465,208,1832,123,155,55755,643,2977
31.37916667,71.42916667,0,954,161,2062,82,110,21184,370,2997
31.37916667,74.22916667,1,2473,207,1832,120,153,55859,,2977
31.3875,74.22916667,1,2465,205,1841,,,56008,,2977
31.39583333,74.09583333,1,2355,201,1830,92,146,54195,438,2978
31.39583333,74.22083333,1,2461,206,1841,,,56023,,2977
31.40416667,74.15416667,1,2436,209,1825,128,151,54923,626,2977
31.4125,74.15416667,1,2448,203,1825,123,154,55137,593,2977
31.42083333,73.0625,0,1897,188,1907,,,37321,,2983
31.42083333,74.17083333,1,2479,207,1827,,,55681,,2976
31.42916667,74.17916667,1,2510,208,1820,,,56038,,2976
31.4375,73.07083333,0,1908,184,1899,,,37840,,2983
31.44583333,73.69583333,0,2132,192,1847,89,151,51949,434,2981
31.44583333,74.20416667,1,2550,206,1819,,,56807,,2976
31.45416667,68.8125,0,1311,1803,1905,96,110,16156,325,2902
31.45416667,73.12083333,0,1928,186,1900,,,39660,,2983
31.45416667,74.2125,1,2571,208,1818,,,57109,,2976
31.45416667,74.22083333,1,2573,208,1820,,,57220,,2975
31.4625,74.10416667,1,2454,206,1820,,,56537,,2977
31.4625,74.22083333,1,2589,207,1815,,,57388,633,2975
31.4625,74.22916667,1,2593,208,1817,,,57476,,2975
31.4875,73.35416667,1,2026,190,1861,93,146,47602,509,2982
31.49583333,72.32083333,0,1435,162,1949,100,165,30085,507,2989
31.49583333,73.10416667,0,1954,184,1876,95,153,39635,463,2983
31.5125,74.27916667,1,2675,211,1824,,,59195,,2974
31.52916667,74.37916667,1,2860,220,1820,,,61760,,2973
31.5375,74.32916667,1,2796,216,1828,,,61121,,2973
31.5375,74.34583333,1,2815,217,1827,,,61461,,2973
31.55416667,70.7625,0,1157,168,2011,105,163,17145,453,3003
31.55416667,74.3375,1,2841,216,1814,,,62006,,2973
31.55416667,74.35416667,1,2862,217,1809,,,62257,,2973
31.5625,74.44583333,1,3005,214,1792,134,171,62125,425,2973
31.57083333,73.4875,0,2137,196,1835,,,53120,,2981
31.57083333,74.34583333,1,2920,216,1784,,,62768,,2973
31.57916667,72.19583333,0,1389,161,1957,102,154,30024,578,2992
31.57916667,73.42916667,1,2117,194,1844,85,146,51874,422,2981
31.57916667,74.12916667,0,2619,203,1797,99,146,61254,542,2975
31.57916667,74.30416667,1,2842,215,1799,,,62732,,2973
31.57916667,74.32916667,1,2923,218,1784,,,63030,,2973
31.5875,73.67083333,1,2232,200,1836,81,140,56581,436,2980
31.59583333,74.2625,1,2764,208,1819,142,177,63200,605,2974
31.59583333,74.55416667,1,3225,221,1773,119,161,63052,507,2972
31.60416667,74.2875,1,2807,206,1812,,,63586,,2974
31.62083333,71.0625,1,1107,170,2023,91,131,23884,447,2990
31.6375,72.30416667,1,1518,163,1948,96,147,32378,551,2990
31.64583333,72.34583333,1,1561,164,1939,93,156,33224,503,2989
31.67083333,72.32083333,1,1561,164,1941,90,155,33396,537,2989
31.67083333,72.32916667,1,1567,164,1942,91,153,33547,517,2989
31.70416667,72.35416667,1,1609,165,1938,90,158,34739,493,2989
31.7125,72.39583333,1,1656,167,1944,94,148,35756,471,2988
31.7125,73.9875,0,2622,209,1796,,,62741,,2976
31.72083333,72.37916667,1,1639,166,1946,93,160,35633,479,2989
31.72083333,72.44583333,1,1700,172,1931,95,156,37031,538,2988
31.72083333,72.97916667,1,2022,200,1867,,,42161,,2985
31.72083333,73.37916667,0,2172,196,1836,,,52750,443,2981
31.7375,70.3375,0,1232,235,2067,81,125,29253,393,2995
31.7875,71.10416667,0,1217,175,1990,93,139,24068,460,2990
31.7875,72.47083333,1,1772,175,1924,104,156,39679,459,2987
31.80416667,69.2375,0,1637,1865,1847,193,170,26776,324,2897
31.80416667,74.2625,1,3028,215,1773,,,71904,,2972
31.8125,69.67083333,0,1425,973,2063,106,110,30419,322,2957
31.8125,72.52916667,1,1840,178,1917,95,153,42025,480,2987
31.8125,72.6375,1,1928,182,1897,108,156,44320,498,2986
31.82083333,70.9125,1,1300,175,1990,,,21519,475,2996
31.82083333,72.5125,1,1836,177,1917,98,154,41745,490,2987
31.82083333,72.5375,1,1863,180,1916,93,151,42587,492,2987
31.82916667,72.5375,1,1868,179,1914,99,149,42901,502,2987
31.8375,72.54583333,1,1872,178,1912,105,153,43465,506,2986
31.84583333,72.64583333,1,1941,182,1900,103,162,45584,499,2986
31.8625,72.54583333,1,1882,180,1912,110,167,44263,510,2986
31.87083333,72.57916667,1,1922,181,1896,105,157,45490,491,2986
31.87083333,72.64583333,1,1959,182,1903,106,163,46446,483,2985
31.87916667,71.89583333,1,1377,185,1995,102,164,30858,447,2994
31.8875,71.89583333,0,1388,185,1995,108,146,30893,445,2994
31.89583333,72.5125,1,1890,178,1907,101,159,43882,478,2986
31.89583333,73.27916667,1,2238,191,1831,,,53358,,2981
31.9125,72.54583333,1,1943,181,1888,107,178,45604,477,2986
31.92916667,70.45416667,0,1306,220,2027,78,135,21951,406,2996
31.94583333,72.57083333,1,1979,184,1893,105,165,47654,467,2985
31.95416667,69.75416667,0,1488,966,2053,102,116,34226,315,2952
31.9625,73.97083333,0,2847,216,1762,102,164,71098,451,2975
32.0125,70.87916667,0,1405,182,1963,86,165,21483,440,2998
32.04583333,72.55416667,1,2035,182,1901,108,156,49337,498,2984
32.0625,72.57083333,1,2058,181,1889,105,155,49973,489,2983
32.07083333,73.6875,1,2696,210,1776,,,68117,,2976
32.0875,72.67083333,1,2107,189,1898,,,53460,,2981
32.10416667,70.97083333,0,1419,183,2007,94,142,23939,390,2997
32.10416667,74.07083333,0,3127,220,1748,108,162,79844,425,2973
32.10416667,74.87083333,0,4154,237,1716,121,227,105886,406,2965
32.12083333,74.17916667,1,3364,225,1734,,,82772,,2970
32.15416667,71.27916667,1,1501,194,1978,95,156,28824,425,2990
32.15416667,74.12083333,0,3284,223,1737,105,156,82783,341,2971
32.1875,73.02916667,0,2253,197,1832,109,157,62765,487,2977
32.20416667,71.3125,0,1535,194,1967,121,161,30757,419,2989
32.20416667,74.29583333,1,3626,228,1720,146,203,88827,377,2969
32.22083333,70.37916667,0,1431,262,2014,92,147,24759,348,2994
32.25416667,74.27083333,0,3731,231,1699,114,184,89459,430,2969
32.2625,74.07083333,0,3332,223,1741,125,160,84180,415,2972
32.2625,75.15416667,0,5553,268,1704,,,148252,420,2961
32.27083333,72.90416667,0,2236,196,1824,,,62532,,2977
32.27083333,74.67083333,0,4517,241,1707,,,108848,332,2965
32.27916667,71.3625,1,1620,198,1957,103,157,33706,407,2988
32.27916667,71.37083333,1,1621,197,1961,100,163,33903,415,2987
32.29583333,72.32916667,0,2011,185,1894,119,151,51595,455,2984
32.29583333,72.34583333,0,2024,186,1897,,,51704,,2984
32.29583333,74.32083333,0,3952,231,1698,133,187,91712,483,2968
32.30416667,72.34583333,1,2019,186,1894,111,152,51831,457,2984
32.32916667,74.34583333,0,4158,234,1693,128,200,93208,485,2968
32.3875,73.60416667,0,3089,209,1776,122,162,71542,429,2975
32.39583333,70.3625,0,1463,409,2047,104,106,37849,386,2984
32.42916667,73.57916667,0,3189,211,1762,100,170,71447,461,2975
32.45416667,74.52083333,0,5221,246,1683,157,223,104800,383,2964
32.47916667,74.35416667,0,4795,236,1693,,,96499,,2967
32.49583333,74.5375,1,5607,255,1661,,,108999,,2963
32.5125,72.40416667,0,2111,229,1895,192,219,56030,417,2984
32.57083333,74.07916667,0,4508,238,1704,,,93347,,2973
32.57916667,73.04583333,0,2535,204,1811,111,160,70888,433,2982
32.57916667,73.49583333,0,3412,221,1763,108,176,75256,465,2974
32.5875,71.54583333,1,1923,215,1943,113,159,46847,388,2985
32.60416667,70.9125,1,1702,280,1984,,,42266,,2986
32.65416667,70.9125,0,1723,256,1971,100,169,42767,383,2988
32.65416667,70.95416667,1,1706,250,1989,101,139,43763,367,2988
32.6625,71.47916667,0,1957,198,1910,140,189,49637,406,2985
32.67083333,71.27916667,0,1916,205,1944,,,47408,,2986
32.7125,72.9625,0,3432,697,1695,163,247,109216,403,2946
32.72916667,72.92083333,0,3321,734,1706,133,188,115692,420,2950
32.79583333,73.69583333,0,4691,301,1747,191,252,82077,378,2968
32.80416667,73.89583333,0,5115,280,1735,176,235,88869,403,2972
32.87083333,74.24583333,0,6445,338,1688,214,261,98912,444,2965
32.90416667,73.75416667,0,5075,232,1729,188,254,80404,407,2975
32.92083333,70.62083333,0,1696,343,1951,185,170,47373,392,2986
32.92083333,72.4125,0,2571,459,1796,,,83964,411,2966
32.92916667,72.85416667,0,3048,525,1737,122,169,80006,,2963
32.9375,73.72083333,1,5090,233,1730,,,81186,,2976
32.97916667,74.07083333,0,6153,362,1707,208,272,106305,440,2966
33.0125,70.6875,0,1767,355,1976,89,149,48448,399,2986
33.02916667,73.60416667,0,4951,277,1741,,,80797,,2973
33.05416667,73.77916667,0,5450,244,1727,186,251,92641,463,2974
33.1125,71.10416667,0,2415,597,1906,147,169,91347,382,2966
33.1125,73.4125,0,4692,447,1706,199,234,97578,491,2960
33.1375,74.09583333,0,6716,706,1606,319,376,119582,416,2942
33.15416667,73.7375,0,5965,385,1692,246,276,107194,423,2963
33.2375,72.2625,1,2568,322,1814,137,187,67184,443,2971
33.2625,73.30416667,0,4642,453,1699,,,93646,,2954
33.27083333,71.17916667,0,2547,598,1879,162,231,94131,370,2963
33.29583333,73.95416667,0,6128,872,1579,294,377,153206,416,2929
33.3875,71.34583333,0,2645,456,1887,143,217,74727,396,2970
33.4125,73.37916667,0,5368,519,1672,,,100548,,2951
33.42916667,72.02083333,0,2637,342,1834,137,187,68641,451,2971
33.4875,74.10416667,0,4700,1339,1473,392,395,154467,350,2900
33.50416667,73.89583333,0,5910,592,1631,290,358,128259,494,2948
33.5375,71.05416667,0,2995,839,1800,209,266,96289,375,2941
33.57083333,72.6375,0,3835,495,1707,209,216,100899,705,2954
33.57916667,71.42916667,0,2881,509,1847,171,291,65529,469,2965
33.57916667,73.37916667,0,5988,604,1664,283,280,131284,572,2947
33.6125,73.0125,0,5563,540,1704,,,122439,,2954
33.6375,73.04583333,0,5729,507,1702,,,122843,,2956
33.69583333,70.3375,0,2763,1201,1814,206,283,68730,390,2923
33.69583333,71.14583333,0,3152,951,1754,276,342,96045,405,2934
33.72083333,73.0625,0,6202,568,1659,,,132066,394,2953
33.74583333,72.8125,0,4927,512,1690,,,122379,597,2956
33.80416667,73.52916667,1,5122,1352,1482,378,395,163693,355,2897
33.82083333,72.6875,0,4316,427,1707,206,256,113456,621,2958
33.90416667,72.30416667,0,3234,297,1749,205,245,90387,550,2962
33.90416667,73.39583333,0,10289,2119,1407,520,459,151793,395,2850
33.9125,72.49583333,0,3664,315,1733,194,244,100738,560,2961
33.94583333,74.07916667,0,7295,2084,1297,632,484,143463,426,2839
33.9625,72.22083333,0,3221,295,1763,195,237,81894,550,2962
33.97083333,71.45416667,0,2831,401,1864,,,74534,,2973
33.99583333,71.49583333,0,2875,364,1853,,,70850,,2976
34.00416667,71.92916667,0,3098,301,1806,205,241,70767,512,2968
34.00416667,72.12083333,0,3207,289,1758,197,249,74810,581,2964
34.00416667,72.9375,0,6170,530,1662,355,316,123695,492,2958
34.02083333,71.2875,0,2679,914,1923,288,320,93216,350,2944
34.02083333,72.65416667,0,4464,328,1677,,,105562,,2965
34.02916667,71.59583333,0,2936,315,1838,,,64817,,2978
34.02916667,71.62083333,0,2971,311,1816,213,278,64371,555,2978
34.05416667,72.37083333,0,3664,333,1731,198,245,86822,581,2960
34.05416667,73.15416667,0,8085,844,1585,316,367,178963,404,2933
34.0875,71.14583333,0,2869,1102,1851,263,300,91261,387,2925
34.1125,72.4625,0,3991,329,1715,216,266,86353,509,2963
34.15416667,71.7375,1,3132,299,1764,224,316,61074,543,2978
34.15416667,73.22083333,0,8645,1228,1503,365,404,191961,393,2905
34.17083333,73.74583333,0,5588,974,1518,389,435,119251,360,2905
34.22083333,71.55416667,0,2930,340,1787,237,306,58259,496,2980
34.27916667,71.92916667,0,3478,350,1726,,,55893,546,2970
34.30416667,71.65416667,0,3089,367,1777,230,304,54541,493,2977
34.32916667,73.19583333,1,9263,1083,1539,,,126269,,2915
34.47083333,72.4875,0,5838,729,1594,309,333,88193,433,2943
34.49583333,71.4125,0,2907,627,1802,244,247,66392,504,2959
34.49583333,71.49583333,0,3071,736,1767,291,309,63684,481,2957
34.50416667,73.02916667,0,8758,1146,1532,372,379,81329,406,2918
34.5125,71.9125,0,3754,487,1695,,,61810,491,2962
34.5125,72.4875,0,5830,715,1595,327,362,82481,418,2944
34.54583333,73.34583333,0,8424,1109,1528,455,420,115684,422,2904
34.5625,71.47916667,0,3263,843,1759,303,356,71791,467,2944
34.5625,72.67916667,0,7399,1154,1555,402,422,108275,449,2916
34.5875,73.90416667,0,5070,1647,1417,506,473,92387,409,2844
34.67916667,73.02916667,0,7910,1046,1551,415,398,101050,452,2913
34.67916667,75.54583333,0,2735,4203,1040,380,306,65706,359,2672
34.6875,72.79583333,0,6035,490,1615,408,400,90220,441,2954
34.7625,72.77916667,1,7066,1362,1550,447,400,100729,405,2895
34.77916667,72.3625,0,5615,940,1581,266,336,91949,398,2924
34.8125,74.2125,0,5551,2093,1353,535,484,71805,511,2810
34.82916667,71.8375,0,3981,735,1638,264,351,89353,439,2937
34.85416667,73.1375,0,6840,1959,1423,533,486,125823,420,2837
34.89583333,71.6625,0,3648,889,1681,314,367,79838,402,2925
34.89583333,71.9625,0,4447,1073,1619,354,409,96390,389,2919
34.92916667,72.42083333,0,5461,1107,1591,310,356,85238,385,2911
34.9375,72.02916667,0,4562,1012,1607,362,400,93582,374,2919
34.9375,72.87916667,0,5616,690,1593,383,394,78359,411,2925
34.95416667,72.32916667,0,5371,1561,1600,466,456,93219,395,2889
34.99583333,72.0375,0,4512,1051,1621,374,417,91082,385,2913
35.04583333,74.82916667,0,5509,2766,1209,525,423,60560,420,2743
35.10416667,72.99583333,0,4958,715,1587,398,390,77356,455,2897
35.1125,73.00416667,0,5102,875,1569,392,403,78748,385,2890
35.12083333,75.32916667,0,2497,4658,923,415,430,73808,429,2637
35.1625,72.04583333,0,4349,1924,1642,452,461,122698,406,2851
35.17083333,71.79583333,0,4378,1944,1593,454,439,116181,379,2840
35.19583333,71.87083333,0,4090,1342,1650,436,411,91069,414,2870
35.24583333,74.04583333,0,4796,3407,1241,475,468,174243,401,2726
35.2625,73.27083333,0,4197,2253,1520,509,445,113007,348,2801
35.27083333,73.22083333,0,3806,844,1609,394,370,72476,422,2875
35.27916667,76.2125,0,888,4257,1194,306,266,77619,400,2658
35.29583333,75.6125,0,2078,2216,1388,261,274,42571,421,2776
35.29583333,75.62083333,0,2083,2218,1381,252,262,42671,421,2776
35.42916667,75.72916667,0,1585,2258,1363,295,255,58275,447,2771
35.55416667,71.79583333,0,3238,1310,1690,308,372,53128,416,2840
35.59583333,75.19583333,0,2018,1923,1429,330,287,44314,404,2774
35.8375,71.77916667,0,2581,1527,1663,310,361,39778,420,2832
35.8375,73.6125,0,3054,3305,1205,385,405,79073,442,2725
35.85416667,71.77916667,0,2541,1732,1641,253,293,39533,404,2823
35.92083333,74.30416667,0,923,1480,1531,301,231,42442,402,2823
36.14583333,73.42916667,0,3619,4316,1017,420,398,111595,501,2650
36.1625,72.15416667,0,1701,2710,1455,283,265,35020,349,2732
36.17083333,72.12083333,0,1547,1900,1581,262,274,23968,373,2782
36.22916667,73.42916667,0,1134,2330,1475,342,291,40646,378,2765
36.27083333,74.72083333,0,1111,2484,1414,375,262,46846,395,2731
36.27916667,72.5125,1,1195,2293,1497,263,259,29821,378,2770
36.29583333,72.3125,0,1178,2320,1550,229,231,26770,359,2766
36.29583333,74.62083333,1,985,2141,1456,385,278,35951,386,2754
36.3125,74.8625,0,1107,2643,1322,388,271,51497,393,2715
36.34583333,73.32083333,0,1745,3474,1245,313,330,56120,424,2709
